,Earnings,Earnings,Earnings,Earnings,Earnings,Players,Players,Players,Players,Players,Tournaments,Tournaments,Tournaments,Tournaments,Tournaments
,sum,mean,median,min,max,sum,mean,median,min,max,sum,mean,median,min,max
Game,,,,,,,,,,,,,,,
ARMS,18248.09,760.3370833333333,415.72,50.0,2930.57,237,9.875,8.5,2,23,82,3.4166666666666665,3.0,1,9
Acceleration of SUGURI 2,310.0,155.0,155.0,100.0,210.0,6,3.0,3.0,3,3,2,1.0,1.0,1,1
Age of Empires,190075.61,4319.900227272727,1907.5,42.25,31500.0,733,16.65909090909091,16.0,1,60,95,2.159090909090909,1.0,1,7
Age of Empires II,1486088.51,9288.0531875,3776.6949999999997,50.0,120000.0,2892,18.075,8.5,0,170,573,3.58125,2.0,1,21
Age of Empires III,67913.85,1656.4353658536586,500.0,100.0,20000.0,263,6.414634146341464,4.0,1,29,75,1.829268292682927,1.0,1,7
Age of Empires Online,2668.0,381.14285714285717,448.0,100.0,500.0,37,5.285714285714286,5.0,3,8,7,1.0,1.0,1,1
Age of Mythology,52360.0,13090.0,1600.0,160.0,49000.0,22,5.5,5.5,3,8,5,1.25,1.0,1,2
Akatsuki Blitzkampf,20.0,20.0,20.0,20.0,20.0,3,3.0,3.0,3,3,1,1.0,1.0,1,1
Aliens versus Predator 2,40000.0,40000.0,40000.0,40000.0,40000.0,1,1.0,1.0,1,1,1,1.0,1.0,1,1
Apex Legends,4273351.6899999995,267084.48062499997,203500.0,17575.52,1050001.0,2394,149.625,133.0,42,249,170,10.625,8.0,2,30
Aquapazza: Aquaplus Dream Match,245.0,122.5,122.5,85.0,160.0,6,3.0,3.0,3,3,2,1.0,1.0,1,1
Arcana Heart 3,1000.0,1000.0,1000.0,1000.0,1000.0,4,4.0,4.0,4,4,1,1.0,1.0,1,1
Arcana Heart 3: LOVE MAX!!!!!,410.0,205.0,205.0,200.0,210.0,6,3.0,3.0,3,3,2,1.0,1.0,1,1
Arcana Heart 3: Love Max Six Stars!!!!!,570.0,142.5,135.0,50.0,250.0,12,3.0,3.0,3,3,4,1.0,1.0,1,1
Arena of Valor,14906095.629999999,573311.3703846154,367675.41000000003,11100.0,2509250.0,1102,42.38461538461539,41.0,5,123,50,1.9230769230769231,2.0,1,5
Artifact,119168.54,5674.6923809523805,530.0,60.0,39282.65,431,20.523809523809526,10.0,2,82,166,7.904761904761905,4.0,1,28
Artifact 2.0,155.0,51.666666666666664,50.0,45.0,60.0,3,1.0,1.0,1,1,3,1.0,1.0,1,1
Asphalt 4,29500.0,14750.0,14750.0,12000.0,17500.0,6,3.0,3.0,3,3,2,1.0,1.0,1,1
Asphalt 9: Legends,51520.0,25760.0,25760.0,19620.0,31900.0,7,3.5,3.5,3,4,2,1.0,1.0,1,1
Assetto Corsa,191851.7,12790.113333333335,9116.2,536.8,33722.8,155,10.333333333333334,6.0,1,20,31,2.066666666666667,2.0,1,4
Assetto Corsa Competizione,1649.0,329.8,236.0,234.0,708.0,12,2.4,2.0,2,4,9,1.8,2.0,1,2
Asuka 120% LimitOver BURNING Fest.,10.0,10.0,10.0,10.0,10.0,3,3.0,3.0,3,3,1,1.0,1.0,1,1
Attack on Titan Tribute Game,1296713.53,34124.0402631579,8600.0,150.0,200000.0,382,10.052631578947368,7.0,2,33,71,1.868421052631579,1.0,1,8
Auto Chess,1076322.28,215264.456,35522.28,400.0,1000000.0,81,16.2,12.0,3,32,6,1.2,1.0,1,2
Battalion 1944,185654.66999999998,18565.466999999997,9520.869999999999,1290.79,52500.0,184,18.4,15.0,0,38,21,2.1,2.0,1,6
Battlefield 2,91715.22,9171.522,4533.67,0.0,50000.0,0,0.0,0.0,0,0,12,1.2,1.0,1,2
Battlefield 2142,18546.14,9273.07,9273.07,0.0,18546.14,0,0.0,0.0,0,0,3,1.5,1.5,1,2
Battlefield 3,25407.46,12703.73,12703.73,7110.86,18296.6,5,2.5,2.5,0,5,4,2.0,2.0,1,3
Battlefield 4,245766.46,7927.950322580645,2637.0,544.79,42353.29,627,20.225806451612904,19.0,5,41,144,4.645161290322581,5.0,1,8
Battlefield Hardline,13463.28,13463.28,13463.28,13463.28,13463.28,20,20.0,20.0,20,20,1,1.0,1.0,1,1
Battlerite,65173.45,4655.246428571429,1458.49,300.0,28000.0,225,16.071428571428573,12.5,3,39,75,5.357142857142857,4.5,1,16
Beat Aim,430.0,86.0,70.0,40.0,160.0,20,4.0,3.0,3,7,6,1.2,1.0,1,2
Big Buck Hunter Arcade,76200.0,76200.0,76200.0,76200.0,76200.0,3,3.0,3.0,3,3,1,1.0,1.0,1,1
Black Squad,8480.72,2120.18,1717.405,1035.48,4010.43,101,25.25,26.5,20,28,17,4.25,4.5,2,6
Blade & Soul,409355.52,136451.84,149772.0,103401.12,156182.4,68,22.666666666666668,24.0,16,28,4,1.3333333333333333,1.0,1,2
BlazBlue: Calamity Trigger,35.0,35.0,35.0,35.0,35.0,3,3.0,3.0,3,3,1,1.0,1.0,1,1
BlazBlue: Central Fiction,78879.26,3033.817692307692,960.0,80.0,33000.0,188,7.230769230769231,8.0,3,15,38,1.4615384615384615,1.0,1,4
BlazBlue: Chronophantasma,37020.58,3702.058,0.0,0.0,35080.0,94,9.4,8.0,4,16,15,1.5,1.5,1,2
BlazBlue: Chronophantasma Extend,4918.77,702.6814285714287,413.17,0.0,2460.0,33,4.714285714285714,3.0,3,9,11,1.5714285714285714,1.0,1,3
BlazBlue: Continuum Shift Extend,0.0,0.0,0.0,0.0,0.0,3,3.0,3.0,3,3,1,1.0,1.0,1,1
BlazBlue: Continuum Shift II,24591.010000000002,6147.7525000000005,3600.715,390.0,16999.58,17,4.25,3.0,0,11,5,1.25,1.0,1,2
BlazBlue: Cross Tag Battle,82800.03,4870.59,1930.0,360.0,33000.0,167,9.823529411764707,11.0,3,19,31,1.8235294117647058,2.0,1,3
Bloodline Champions,41905.32,5986.4742857142855,10000.0,167.53,11150.0,63,9.0,9.0,3,21,10,1.4285714285714286,1.0,1,2
Borderlands 3,50000.0,50000.0,50000.0,50000.0,50000.0,16,16.0,16.0,16,16,1,1.0,1.0,1,1
Brawl Stars,94950.0,18990.0,3600.0,1200.0,56250.0,67,13.4,13.0,4,21,10,2.0,1.0,1,4
Brawlhalla,1153494.09,20598.108750000003,6403.469999999999,15.6,122000.0,2305,41.160714285714285,42.0,2,107,390,6.964285714285714,5.0,1,22
Breakers Revenge,16.0,16.0,16.0,16.0,16.0,3,3.0,3.0,3,3,1,1.0,1.0,1,1
Call of Duty,50629.77,25314.885,25314.885,629.77,50000.0,51,25.5,25.5,0,51,2,1.0,1.0,1,1
Call of Duty 2,66828.51000000001,4773.465000000001,2292.1949999999997,619.88,20000.0,41,2.9285714285714284,0.0,0,20,16,1.1428571428571428,1.0,1,2
Call of Duty 4: Modern Warfare,420331.47,9552.987954545453,3421.63,534.8,74041.67,769,17.477272727272727,11.5,0,70,81,1.8409090909090908,1.0,1,6
Call of Duty: Advanced Warfare,2608808.93,200677.61000000002,129276.62,1306.13,1048225.17,2024,155.69230769230768,160.0,21,298,404,31.076923076923077,30.0,3,53
Call of Duty: Black Ops,376793.48,37679.348,35331.25,240.0,142000.0,282,28.2,32.0,0,49,24,2.4,2.5,1,6
Call of Duty: Black Ops 2,1467139.25,104795.66071428571,23539.545,2584.64,1010000.0,441,31.5,31.0,4,80,52,3.7142857142857144,3.5,1,9
Call of Duty: Black Ops 4,6704438.95,558703.2458333333,160834.0,0.0,2999500.0,1005,83.75,76.5,0,180,67,5.583333333333333,5.0,1,15
Call of Duty: Black Ops III,3939783.29,303060.2530769231,106940.2,7516.92,2008322.22,1159,89.15384615384616,85.0,24,165,78,6.0,6.0,1,14
Call of Duty: Blackout,611608.35,55600.75909090909,30000.0,5000.0,275000.0,244,22.181818181818183,18.0,4,71,18,1.6363636363636365,1.0,1,4
Call of Duty: Ghosts,1594185.25,113870.375,33229.130000000005,1960.0,1030131.5,493,35.214285714285715,32.0,0,71,76,5.428571428571429,6.5,1,10
Call of Duty: Infinite Warfare,4156205.06,377836.82363636367,237200.0,368.55,1525400.0,961,87.36363636363636,86.0,4,145,80,7.2727272727272725,9.0,1,17
Call of Duty: Modern Warfare,6592284.5,549357.0416666666,211361.0,10000.0,4600000.0,587,48.916666666666664,48.0,6,106,44,3.6666666666666665,4.0,1,7
Call of Duty: Modern Warfare 2,112860.64,8681.587692307692,5750.0,250.0,28750.0,96,7.384615384615385,5.0,0,16,18,1.3846153846153846,1.0,1,3
Call of Duty: Modern Warfare 3,1160815.66,96734.63833333332,14274.645,3920.0,1000000.0,375,31.25,28.0,1,76,45,3.75,3.5,1,7
Call of Duty: Warzone,1836488.96,262355.5657142857,271263.3,125500.0,377775.59,831,118.71428571428571,76.0,63,202,74,10.571428571428571,11.0,7,12
Call of Duty: World War II,4559271.0,379939.25,207118.38,3898.1,1500000.0,642,53.5,50.5,8,128,64,5.333333333333333,5.5,1,14
Capcom vs. SNK,140.0,70.0,70.0,0.0,140.0,6,3.0,3.0,3,3,2,1.0,1.0,1,1
Capcom vs. SNK 2,24186.79,1422.7523529411765,150.0,0.0,10250.0,66,3.8823529411764706,3.0,3,8,17,1.0,1.0,1,1
Carom 3D,60500.0,15125.0,14750.0,11000.0,20000.0,12,3.0,3.0,3,3,4,1.0,1.0,1,1
Catherine,1545.0,220.71428571428572,230.0,75.0,340.0,21,3.0,3.0,3,3,7,1.0,1.0,1,1
Catherine: Full Body,185.0,185.0,185.0,185.0,185.0,3,3.0,3.0,3,3,1,1.0,1.0,1,1
Chaos Code: New Sign of Catastrophe,140.0,140.0,140.0,140.0,140.0,3,3.0,3.0,3,3,1,1.0,1.0,1,1
Chess.com,878990.96,12738.999420289854,1995.0,999.99,215230.69,1300,18.840579710144926,11.0,5,180,161,2.3333333333333335,2.0,1,14
Clash Royale,3319748.27,118562.43821428572,102375.13500000001,0.0,416450.84,567,20.25,20.0,2,58,50,1.7857142857142858,1.0,1,7
Clash of Clans,766546.87,127757.81166666666,7038.4349999999995,1140.0,700000.0,95,15.833333333333334,5.0,2,40,6,1.0,1.0,1,1
ComPet,2000.0,2000.0,2000.0,2000.0,2000.0,50,50.0,50.0,50,50,1,1.0,1.0,1,1
Command & Conquer 3,53086.67,13271.6675,14092.705,4901.26,20000.0,14,3.5,3.5,3,4,5,1.25,1.0,1,2
Company of Heroes 2,8561.22,2140.305,1930.61,300.0,4400.0,19,4.75,5.0,1,8,6,1.5,1.0,1,3
Counter-Strike,13494839.57,96391.71121428572,73612.95999999999,1035.0,539579.04,16247,116.05,109.0,5,308,996,7.114285714285714,7.0,1,17
Counter-Strike Online,406989.6,40698.96,39708.8,25000.0,77776.0,155,15.5,15.0,5,25,11,1.1,1.0,1,2
Counter-Strike: Condition Zero,162150.6,54050.200000000004,38575.3,38575.3,85000.0,141,47.0,60.0,15,66,3,1.0,1.0,1,1
Counter-Strike: Global Offensive,101631669.17,1016316.6917,660211.1799999999,490.16,3779775.08,61959,619.59,598.0,5,1699,5238,52.38,54.0,1,172
Counter-Strike: Source,3117222.29,37109.78916666667,19972.32,603.85,540673.62,5000,59.523809523809526,50.0,0,182,331,3.9404761904761907,4.0,1,10
Creative Destruction,100000.0,100000.0,100000.0,100000.0,100000.0,8,8.0,8.0,8,8,1,1.0,1.0,1,1
Critical Ops,12606.41,4202.136666666666,2500.0,106.41,10000.0,4,1.3333333333333333,0.0,0,4,3,1.0,1.0,1,1
CrossFire,6448845.02,87146.55432432432,6840.0,452.75,900215.27,2786,37.648648648648646,34.0,0,123,306,4.135135135135135,5.0,1,12
Crysis,11340.95,5670.475,5670.475,2976.95,8364.0,0,0.0,0.0,0,0,2,1.0,1.0,1,1
Cultris II,190.95,190.95,190.95,190.95,190.95,3,3.0,3.0,3,3,1,1.0,1.0,1,1
Day of Defeat,50300.0,16766.666666666668,10300.0,10000.0,30000.0,42,14.0,18.0,1,23,3,1.0,1.0,1,1
Day of Defeat: Source,14068.57,2009.7957142857142,1160.95,916.34,4002.64,71,10.142857142857142,12.0,0,29,8,1.1428571428571428,1.0,1,2
Dead By Daylight,15000.0,15000.0,15000.0,15000.0,15000.0,15,15.0,15.0,15,15,3,3.0,3.0,3,3
Dead or Alive 4,497745.31,55305.03444444444,15000.0,996.07,226000.0,65,7.222222222222222,3.0,2,23,13,1.4444444444444444,1.0,1,3
Dead or Alive 5,0.0,0.0,0.0,0.0,0.0,4,4.0,4.0,4,4,1,1.0,1.0,1,1
Dead or Alive 5 Ultimate,0.0,0.0,0.0,0.0,0.0,52,8.666666666666666,8.0,4,16,7,1.1666666666666667,1.0,1,2
Dead or Alive 5: Last Round,8163.82,544.2546666666666,400.0,0.0,1880.0,73,4.866666666666666,3.0,3,10,19,1.2666666666666666,1.0,1,3
Dead or Alive 6,72416.54000000001,6583.321818181819,5302.67,160.0,16760.0,101,9.181818181818182,8.0,3,24,19,1.7272727272727273,1.0,1,4
Dead or Alive Ultimate,30000.0,30000.0,30000.0,30000.0,30000.0,3,3.0,3.0,3,3,1,1.0,1.0,1,1
Def Jam: Fight for NY,170.0,170.0,170.0,170.0,170.0,3,3.0,3.0,3,3,1,1.0,1.0,1,1
Defense of the Ancients,857420.65,18242.99255319149,10807.73,360.45,71705.74,1047,22.27659574468085,15.0,0,95,85,1.8085106382978724,1.0,1,8
Dengeki Bunko: Fighting Climax,60.0,60.0,60.0,60.0,60.0,3,3.0,3.0,3,3,1,1.0,1.0,1,1
Dengeki Bunko: Fighting Climax Ignition,2852.8,285.28000000000003,285.0,50.0,590.0,45,4.5,3.0,3,8,10,1.0,1.0,1,1
Descent 3,50000.0,50000.0,50000.0,50000.0,50000.0,1,1.0,1.0,1,1,1,1.0,1.0,1,1
Diabotical,16259.93,5419.9766666666665,5535.93,1550.0,9174.0,108,36.0,40.0,22,46,24,8.0,9.0,2,13
Digimon Rumble Arena,70.0,70.0,70.0,70.0,70.0,3,3.0,3.0,3,3,1,1.0,1.0,1,1
Dirt Rally 2.0,10000.0,10000.0,10000.0,10000.0,10000.0,5,5.0,5.0,5,5,2,2.0,2.0,2,2
Divekick,5840.0,584.0,330.0,0.0,2300.0,37,3.7,3.0,3,8,11,1.1,1.0,1,2
Doom (2016),7000.0,7000.0,7000.0,7000.0,7000.0,6,6.0,6.0,6,6,1,1.0,1.0,1,1
Doom 3,257748.16,64437.04,55000.0,27000.0,120748.16,17,4.25,4.0,1,8,4,1.0,1.0,1,1
Doom II: Hell on Earth,1000.0,1000.0,1000.0,1000.0,1000.0,1,1.0,1.0,1,1,1,1.0,1.0,1,1
Dota 2,227225770.41,2103942.318611111,666661.45,2621.34,34460762.14,19853,183.82407407407408,195.5,15,422,1429,13.231481481481481,13.0,1,33
Dota Underlords,26024.18,3253.0225,1313.73,305.25,16860.92,80,10.0,10.0,3,20,36,4.5,5.0,2,6
Dragon Ball FighterZ,337985.4,13519.416000000001,7947.06,105.0,80476.76,373,14.92,13.0,1,33,73,2.92,3.0,1,7
Dragon Ball Z: Budokai 3,204.06,204.06,204.06,204.06,204.06,3,3.0,3.0,3,3,1,1.0,1.0,1,1
Duck Game,250.0,250.0,250.0,250.0,250.0,3,3.0,3.0,3,3,1,1.0,1.0,1,1
Enemy Territory: Quake Wars,60923.12,20307.70666666667,6273.0,4650.12,50000.0,32,10.666666666666666,6.0,0,26,3,1.0,1.0,1,1
Escape from Tarkov,54600.0,54600.0,54600.0,54600.0,54600.0,96,96.0,96.0,96,96,2,2.0,2.0,2,2
Eternal Fighter Zero,1311.6,655.8,655.8,10.0,1301.6,10,5.0,5.0,3,7,2,1.0,1.0,1,1
Evolve,131509.05000000002,18787.007142857146,1027.65,648.76,101066.21,209,29.857142857142858,30.0,15,48,33,4.714285714285714,5.0,1,8
F.E.A.R.,178000.0,35600.0,20000.0,18000.0,100000.0,35,7.0,8.0,4,8,5,1.0,1.0,1,1
F1 2018,200000.0,200000.0,200000.0,200000.0,200000.0,21,21.0,21.0,21,21,1,1.0,1.0,1,1
F1 2019,538047.38,269023.69,269023.69,38047.38,500000.0,25,12.5,12.5,3,22,2,1.0,1.0,1,1
FIFA 03,54066.44,27033.22,27033.22,5066.44,49000.0,10,5.0,5.0,3,7,3,1.5,1.5,1,2
FIFA 04,40000.0,13333.333333333334,0.0,0.0,40000.0,3,1.0,0.0,0,3,3,1.0,1.0,1,1
FIFA 05,57728.01,11545.602,9427.07,0.0,35000.0,6,1.2,0.0,0,3,6,1.2,1.0,1,2
FIFA 06,112464.53,16066.361428571428,16564.37,200.0,32149.1,28,4.0,3.0,0,13,11,1.5714285714285714,1.0,1,3
FIFA 07,237812.23,33973.17571428572,26000.0,1300.0,124126.66,49,7.0,3.0,2,21,12,1.7142857142857142,1.0,1,4
FIFA 08,207129.94,23014.437777777777,13250.07,1124.4,91000.0,78,8.666666666666666,4.0,3,26,16,1.7777777777777777,1.0,1,4
FIFA 09,121618.34,12161.833999999999,8765.220000000001,1501.51,38402.95,67,6.7,3.5,0,20,19,1.9,2.0,1,5
FIFA 10,117026.71,10638.791818181819,9005.33,392.04,33894.66,85,7.7272727272727275,5.0,0,18,48,4.363636363636363,4.0,1,7
FIFA 11,93983.77,5873.985625,762.04,130.68,35476.31,107,6.6875,5.0,1,30,78,4.875,5.0,1,9
FIFA 12,54431.520000000004,3887.9657142857145,673.3199999999999,137.64,26643.73,81,5.785714285714286,5.0,1,15,66,4.714285714285714,5.0,1,8
FIFA 13,458427.82,35263.67846153846,665.75,257.38,400534.28,85,6.538461538461538,5.0,2,17,62,4.769230769230769,5.0,2,7
FIFA 14,96347.81,7411.37,1519.63,267.1,26949.66,90,6.923076923076923,4.0,2,16,69,5.3076923076923075,6.0,2,8
FIFA 15,144373.99,10312.427857142857,6675.12,128.87,36936.96,369,26.357142857142858,30.0,1,48,352,25.142857142857142,29.0,1,39
FIFA 16,117828.11,10711.646363636364,5456.26,398.83,35904.69,112,10.181818181818182,9.0,3,17,28,2.5454545454545454,3.0,1,4
FIFA 17,1482612.63,148261.26299999998,17314.445,4500.0,525587.13,230,23.0,20.5,3,51,48,4.8,4.0,1,11
FIFA 18,2233697.69,223369.769,167987.02000000002,344.33,603972.43,398,39.8,26.0,1,102,47,4.7,3.0,1,13
FIFA 19,3242642.34,294785.66727272724,346500.0,4518.76,564060.0,651,59.18181818181818,63.0,9,128,48,4.363636363636363,4.0,2,9
FIFA 20,1144673.72,114467.372,34828.96,1000.0,403660.1,365,36.5,14.5,1,117,40,4.0,4.0,1,9
FIFA 2000,50000.0,50000.0,50000.0,50000.0,50000.0,4,4.0,4.0,4,4,1,1.0,1.0,1,1
FIFA 2001,46000.0,46000.0,46000.0,46000.0,46000.0,9,9.0,9.0,9,9,2,2.0,2.0,2,2
FIFA 2002 World Cup,43000.0,43000.0,43000.0,43000.0,43000.0,8,8.0,8.0,8,8,1,1.0,1.0,1,1
FIFA Online 3,1434341.9,204905.9857142857,237112.5,13023.0,500000.0,132,18.857142857142858,12.0,0,43,7,1.0,1.0,1,1
FIFA Online 4,679240.0,169810.0,218500.0,2240.0,240000.0,112,28.0,36.0,3,37,4,1.0,1.0,1,1
Faeria,4100.0,1366.6666666666667,800.0,800.0,2500.0,15,5.0,5.0,4,6,5,1.6666666666666667,2.0,1,2
Fall Guys,151000.0,75500.0,75500.0,51000.0,100000.0,217,108.5,108.5,79,138,3,1.5,1.5,1,2
Fantasy Strike,3860.0,1286.6666666666667,1000.0,250.0,2610.0,24,8.0,8.0,8,8,3,1.0,1.0,1,1
Farming Simulator 19,158361.30000000002,17595.7,13316.27,12909.95,39722.8,249,27.666666666666668,24.0,24,41,12,1.3333333333333333,1.0,1,3
Fight of Animals,580.68,290.34,290.34,50.0,530.68,9,4.5,4.5,3,6,3,1.5,1.5,1,2
Fighter's History Dynamite,195.0,195.0,195.0,195.0,195.0,3,3.0,3.0,3,3,1,1.0,1.0,1,1
Fighting EX Layer,1642.96,273.82666666666665,166.48000000000002,10.0,970.0,20,3.3333333333333335,3.0,2,6,7,1.1666666666666667,1.0,1,2
Fortnite,97298425.0,3138658.870967742,957055.56,8690.78,36713555.9,11591,373.9032258064516,319.0,12,1039,657,21.193548387096776,19.0,1,80
Forza Motorsport 2,222000.0,111000.0,111000.0,15000.0,207000.0,18,9.0,9.0,2,16,2,1.0,1.0,1,1
Forza Motorsport 3,11000.0,11000.0,11000.0,11000.0,11000.0,3,3.0,3.0,3,3,1,1.0,1.0,1,1
Forza Motorsport 4,132.37,132.37,132.37,132.37,132.37,2,2.0,2.0,2,2,1,1.0,1.0,1,1
Forza Motorsport 6,66350.0,16587.5,14525.0,1500.0,35800.0,59,14.75,14.0,1,30,9,2.25,1.0,1,6
Forza Motorsport 7,800200.0,80020.0,75000.0,1000.0,230000.0,202,20.2,20.0,2,48,12,1.2,1.0,1,2
Free Fire,1006392.23,111821.35888888889,93000.0,9336.49,388441.87,359,39.888888888888886,15.0,3,152,14,1.5555555555555556,1.0,1,3
GRID (2019),218.75,218.75,218.75,218.75,218.75,3,3.0,3.0,3,3,1,1.0,1.0,1,1
Garou: Mark of the Wolves,658.71,164.6775,162.5,108.71,225.0,13,3.25,3.0,3,4,4,1.0,1.0,1,1
Gears 5,1223000.0,203833.33333333334,169500.0,71000.0,364000.0,418,69.66666666666667,72.5,40,101,18,3.0,3.0,1,5
Gears of War,252195.57,18013.969285714287,8200.385,0.0,120000.0,33,2.357142857142857,0.0,0,32,15,1.0714285714285714,1.0,1,2
Gears of War 2,135000.0,27000.0,15000.0,15000.0,75000.0,0,0.0,0.0,0,0,5,1.0,1.0,1,1
Gears of War 3,7255.81,2418.6033333333335,2000.0,700.0,4555.81,14,4.666666666666667,2.0,0,12,4,1.3333333333333333,1.0,1,2
Gears of War 4,3087285.0,154364.25,177500.0,500.0,317870.0,775,38.75,40.0,5,70,41,2.05,1.0,1,8
Gears of War: Ultimate Edition,170000.0,56666.666666666664,60000.0,50000.0,60000.0,72,24.0,24.0,16,32,3,1.0,1.0,1,1
Ghost Recon Advanced Warfighter,24000.0,12000.0,12000.0,8000.0,16000.0,0,0.0,0.0,0,0,2,1.0,1.0,1,1
Gran Turismo 3: A-Spec,3250.0,1625.0,1625.0,1500.0,1750.0,6,3.0,3.0,3,3,2,1.0,1.0,1,1
Gran Turismo 4,44000.0,22000.0,22000.0,12000.0,32000.0,8,4.0,4.0,4,4,2,1.0,1.0,1,1
Gran Turismo Sport,25564.0,6391.0,7050.0,1384.0,10080.0,40,10.0,10.0,9,11,6,1.5,1.5,1,2
Grey Goo,36400.0,9100.0,2000.0,2000.0,30400.0,28,7.0,4.0,4,16,5,1.25,1.0,1,2
Guild Wars 2,476005.5,47600.55,52228.979999999996,3118.94,100000.0,277,27.7,20.5,0,98,57,5.7,7.0,1,11
Guilty Gear,32.0,32.0,32.0,32.0,32.0,3,3.0,3.0,3,3,1,1.0,1.0,1,1
Guilty Gear XX,0.0,0.0,0.0,0.0,0.0,6,3.0,3.0,3,3,2,1.0,1.0,1,1
Guilty Gear XX #Reload,0.0,0.0,0.0,0.0,0.0,3,3.0,3.0,3,3,1,1.0,1.0,1,1
Guilty Gear XX Accent Core,10365.0,2591.25,57.5,0.0,10250.0,35,8.75,4.5,3,23,4,1.0,1.0,1,1
Guilty Gear XX Accent Core Plus,0.0,0.0,0.0,0.0,0.0,3,3.0,3.0,3,3,1,1.0,1.0,1,1
Guilty Gear XX Accent Core Plus R,4640.0,257.77777777777777,300.0,0.0,550.0,83,4.611111111111111,3.0,3,16,19,1.0555555555555556,1.0,1,2
Guilty Gear XX Slash,10250.0,10250.0,10250.0,10250.0,10250.0,6,6.0,6.0,6,6,1,1.0,1.0,1,1
Guilty Gear Xrd -REVELATOR-,36437.43,3643.743,2179.65,210.0,19100.0,95,9.5,8.0,3,23,19,1.9,1.5,1,4
Guilty Gear Xrd -SIGN-,37445.66,2674.69,1276.345,0.0,19680.0,134,9.571428571428571,10.5,2,16,37,2.642857142857143,2.0,1,5
Guilty Gear Xrd REV 2,116634.7,4021.886206896552,1590.0,80.0,33000.0,237,8.172413793103448,8.0,3,16,49,1.6896551724137931,2.0,1,3
Guitar Hero 5,10500.0,10500.0,10500.0,10500.0,10500.0,3,3.0,3.0,3,3,1,1.0,1.0,1,1
Guitar Hero III: Legends of Rock,19000.0,19000.0,19000.0,19000.0,19000.0,8,8.0,8.0,8,8,1,1.0,1.0,1,1
Gundam Versus,280.0,280.0,280.0,280.0,280.0,6,6.0,6.0,6,6,1,1.0,1.0,1,1
Guns of Boom,198750.0,24843.75,6050.0,700.0,100000.0,32,4.0,4.0,0,8,18,2.25,2.0,1,4
Gwent,841757.1699999999,36598.13782608695,25000.0,200.0,200000.0,493,21.434782608695652,11.0,3,87,110,4.782608695652174,2.0,1,17
H1Z1,1767122.0,252446.0,250000.0,75000.0,482000.0,181,25.857142857142858,25.0,18,34,13,1.8571428571428572,2.0,1,3
HYPERFIGHT,50.0,50.0,50.0,50.0,50.0,3,3.0,3.0,3,3,1,1.0,1.0,1,1
Halo 2,1489362.47,55161.572962962964,38975.0,5000.0,308000.0,659,24.40740740740741,27.0,8,36,71,2.6296296296296298,2.0,1,9
Halo 2 Anniversary,468705.05,42609.549999999996,21385.0,1038.41,150000.0,299,27.181818181818183,32.0,12,44,20,1.8181818181818181,2.0,1,3
Halo 3,2158079.4,74416.53103448276,56000.0,800.0,350000.0,853,29.413793103448278,32.0,0,65,40,1.3793103448275863,1.0,1,3
Halo 4,430748.76,39158.97818181818,10000.0,2250.0,300000.0,134,12.181818181818182,16.0,0,17,17,1.5454545454545454,1.0,1,3
Halo 5: Guardians,7061480.97,271595.4219230769,95251.315,2250.0,2504265.8,1095,42.11538461538461,46.5,8,80,75,2.8846153846153846,2.0,1,15
Halo: Combat Evolved,299281.0,23021.615384615383,14950.0,825.0,68000.0,231,17.76923076923077,14.0,0,41,39,3.0,3.0,1,5
Halo: Reach,822089.97,54805.998,56000.0,1267.9,287000.0,336,22.4,16.0,0,48,26,1.7333333333333334,2.0,1,3
Hand of the Gods,94434.2,13490.6,9500.0,34.2,50000.0,90,12.857142857142858,13.0,1,24,36,5.142857142857143,2.0,1,12
Hearthstone,23093378.24,281626.563902439,225341.10499999998,25.0,1109486.78,6837,83.3780487804878,78.5,1,244,897,10.939024390243903,10.0,1,37
Heavy Metal Machines,12339.33,12339.33,12339.33,12339.33,12339.33,35,35.0,35.0,35,35,1,1.0,1.0,1,1
Heroes of Newerth,2915206.56,38357.98105263158,19819.239999999998,500.0,303797.09,3165,41.64473684210526,40.0,0,150,371,4.881578947368421,4.0,1,19
Heroes of the Storm,18177982.65,302966.3775,201667.745,300.0,1509144.0,5675,94.58333333333333,78.5,0,280,463,7.716666666666667,3.0,1,33
Hokuto no Ken,145.0,145.0,145.0,145.0,145.0,3,3.0,3.0,3,3,1,1.0,1.0,1,1
Hyper Scape,299000.0,149500.0,149500.0,98400.0,200600.0,303,151.5,151.5,123,180,4,2.0,2.0,2,2
Hyper Street Fighter II,10250.0,10250.0,10250.0,10250.0,10250.0,8,8.0,8.0,8,8,1,1.0,1.0,1,1
Injustice 2,835742.83,43986.46473684211,12661.88,170.0,250000.0,196,10.31578947368421,10.0,3,22,37,1.9473684210526316,2.0,1,5
Injustice: Gods Among Us,35176.89,1529.43,500.0,0.0,8845.0,291,12.652173913043478,11.0,3,29,117,5.086956521739131,4.0,1,11
Internet Chess Club,10000.0,10000.0,10000.0,10000.0,10000.0,6,6.0,6.0,6,6,1,1.0,1.0,1,1
JoJo's Bizarre Adventure: Heritage for the Future,284.99,142.495,142.495,50.0,234.99,6,3.0,3.0,3,3,2,1.0,1.0,1,1
Jstris,225.0,225.0,225.0,225.0,225.0,8,8.0,8.0,8,8,1,1.0,1.0,1,1
Just Dance 2014,0.0,0.0,0.0,0.0,0.0,3,3.0,3.0,3,3,1,1.0,1.0,1,1
KartRider,567366.35,43643.56538461538,27690.0,24690.0,76912.0,181,13.923076923076923,12.0,8,33,20,1.5384615384615385,2.0,1,2
Kill la Kill the Game: IF,920.0,230.0,190.0,70.0,470.0,12,3.0,3.0,3,3,4,1.0,1.0,1,1
Killer Instinct (2013),224466.96,5755.563076923077,599.59,0.0,53970.0,304,7.794871794871795,8.0,2,33,53,1.358974358974359,1.0,1,3
King of Fighters 2002 Unlimited Match,760.0,380.0,380.0,380.0,380.0,6,3.0,3.0,3,3,2,1.0,1.0,1,1
King of Fighters 98,7945.57,3972.785,3972.785,500.0,7445.57,7,3.5,3.5,1,6,3,1.5,1.5,1,2
King of Fighters XI,25.0,25.0,25.0,25.0,25.0,3,3.0,3.0,3,3,1,1.0,1.0,1,1
King of Fighters XIII,44724.28,1490.8093333333334,260.0,0.0,16700.0,205,6.833333333333333,6.0,3,20,41,1.3666666666666667,1.0,1,3
King of Fighters XIV,72902.09,2700.0774074074075,780.0,10.0,17740.0,162,6.0,3.0,2,18,37,1.3703703703703705,1.0,1,3
Koihime Enbu,1665.0,277.5,252.5,50.0,590.0,18,3.0,3.0,3,3,6,1.0,1.0,1,1
League of Legends,79003448.94,658362.0745,299543.78500000003,522.72,6672570.36,30036,250.3,229.0,16,845,2476,20.633333333333333,20.0,3,49
Legend of Glory,472.66,472.66,472.66,472.66,472.66,0,0.0,0.0,0,0,1,1.0,1.0,1,1
Legends of Runeterra,118481.03,39493.676666666666,13203.89,5277.14,100000.0,30,10.0,8.0,6,16,5,1.6666666666666667,2.0,1,2
Lethal League Blaze,2172.9,362.15000000000003,217.495,11.4,1116.75,25,4.166666666666667,3.5,1,8,8,1.3333333333333333,1.0,1,2
Lichess,824288.9099999999,29438.88964285714,1362.5,1000.0,402875.0,396,14.142857142857142,8.0,5,79,70,2.5,2.0,1,7
Live for Speed,9219.14,1152.3925,1411.885,0.0,2491.62,26,3.25,4.0,1,5,8,1.0,1.0,1,1
MOBA Legends,225.0,225.0,225.0,225.0,225.0,3,3.0,3.0,3,3,1,1.0,1.0,1,1
Mad Skills Motocross 2,20163.0,20163.0,20163.0,20163.0,20163.0,12,12.0,12.0,12,12,1,1.0,1.0,1,1
Madden NFL 19,125000.0,41666.666666666664,25000.0,15000.0,85000.0,6,2.0,2.0,1,3,3,1.0,1.0,1,1
Madden NFL 2004,1500.0,1500.0,1500.0,1500.0,1500.0,3,3.0,3.0,3,3,1,1.0,1.0,1,1
Madden NFL 2006,100000.0,100000.0,100000.0,100000.0,100000.0,1,1.0,1.0,1,1,1,1.0,1.0,1,1
Madden NFL 2007,100000.0,100000.0,100000.0,100000.0,100000.0,1,1.0,1.0,1,1,1,1.0,1.0,1,1
Madden NFL 2008,100000.0,100000.0,100000.0,100000.0,100000.0,1,1.0,1.0,1,1,1,1.0,1.0,1,1
Madden NFL 2009,100000.0,100000.0,100000.0,100000.0,100000.0,1,1.0,1.0,1,1,1,1.0,1.0,1,1
Madden NFL 2013,400000.0,400000.0,400000.0,400000.0,400000.0,8,8.0,8.0,8,8,1,1.0,1.0,1,1
Madden NFL 2016,50000.0,50000.0,50000.0,50000.0,50000.0,8,8.0,8.0,8,8,1,1.0,1.0,1,1
Madden NFL 2017,1004000.0,251000.0,202000.0,100000.0,500000.0,82,20.5,17.0,16,32,5,1.25,1.0,1,2
Madden NFL 2018,279676.62,93225.54,15676.62,5000.0,259000.0,41,13.666666666666666,8.0,1,32,3,1.0,1.0,1,1
Magic: The Gathering Arena,5512000.0,424000.0,500000.0,10000.0,1100000.0,493,37.92307692307692,28.0,8,92,36,2.769230769230769,2.0,1,6
Magic: The Gathering Online,1218000.0,121800.0,116000.0,50000.0,200000.0,156,15.6,16.0,8,24,10,1.0,1.0,1,1
Magical Drop III,130.0,130.0,130.0,130.0,130.0,3,3.0,3.0,3,3,1,1.0,1.0,1,1
Maiden & Spell,200.0,200.0,200.0,200.0,200.0,3,3.0,3.0,3,3,1,1.0,1.0,1,1
Mario Kart 8 Deluxe,1754.44,584.8133333333334,229.44,220.0,1305.0,31,10.333333333333334,4.0,3,24,4,1.3333333333333333,1.0,1,2
Mario Tennis Aces,61.3,30.65,30.65,10.0,51.3,6,3.0,3.0,3,3,2,1.0,1.0,1,1
Marvel vs. Capcom 2,39060.0,1698.2608695652175,10.0,0.0,15000.0,93,4.043478260869565,3.0,3,8,26,1.1304347826086956,1.0,1,3
Marvel vs. Capcom 3,22343.62,3723.9366666666665,509.645,0.0,10720.0,49,8.166666666666666,3.0,0,32,12,2.0,1.0,1,7
Marvel vs. Capcom: Infinite,42482.12,2832.1413333333335,730.0,160.0,30000.0,81,5.4,3.0,3,11,19,1.2666666666666666,1.0,1,2
MechWarrior Online,143490.0,143490.0,143490.0,143490.0,143490.0,0,0.0,0.0,0,0,1,1.0,1.0,1,1
Melty Blood: Actress Again,0.0,0.0,0.0,0.0,0.0,11,5.5,5.5,3,8,2,1.0,1.0,1,1
Melty Blood: Actress Again Current Code,8587.76,660.5969230769231,520.0,20.0,2432.76,84,6.461538461538462,8.0,3,18,18,1.3846153846153846,1.0,1,6
Metal Gear Online,8000.0,4000.0,4000.0,4000.0,4000.0,47,23.5,23.5,23,24,8,4.0,4.0,4,4
Million Arthur: Arcana Blood,7430.0,2476.6666666666665,420.0,10.0,7000.0,9,3.0,3.0,3,3,3,1.0,1.0,1,1
Minecraft,279539.15,46589.85833333334,35000.0,4839.15,98500.0,105,17.5,9.5,2,48,14,2.3333333333333335,2.0,1,5
Mordhau,16623.0,8311.5,8311.5,123.0,16500.0,40,20.0,20.0,0,40,3,1.5,1.5,1,2
Mortal Kombat 11,392602.33,39260.233,32814.55,750.0,100000.0,278,27.8,24.0,6,67,37,3.7,3.0,1,9
Mortal Kombat 9,136891.66999999998,7605.092777777777,2095.835,0.0,33400.0,128,7.111111111111111,8.0,3,14,25,1.3888888888888888,1.0,1,3
Mortal Kombat X,523532.42,30796.02470588235,7670.0,80.0,200000.0,182,10.705882352941176,8.0,2,23,62,3.6470588235294117,3.0,1,9
Mortal Kombat XL,129203.79000000001,9938.753076923078,1450.0,140.0,57130.0,78,6.0,3.0,2,13,17,1.3076923076923077,1.0,1,3
Mortal Kombat vs. DC Universe,0.0,0.0,0.0,0.0,0.0,3,3.0,3.0,3,3,1,1.0,1.0,1,1
Multigaming,148384.33,49461.44333333333,55958.7,33315.93,59109.7,24,8.0,8.0,8,8,3,1.0,1.0,1,1
Mystery Game Tournament,10995.0,1374.375,1280.0,195.0,2560.0,67,8.375,8.0,8,11,8,1.0,1.0,1,1
NASCAR Heat 4,200500.0,100250.0,100250.0,60500.0,140000.0,42,21.0,21.0,8,34,5,2.5,2.5,1,4
NASCAR Thunder 2002,7679.25,7679.25,7679.25,7679.25,7679.25,0,0.0,0.0,0,0,1,1.0,1.0,1,1
NASCAR Thunder 2003,5933.5,5933.5,5933.5,5933.5,5933.5,0,0.0,0.0,0,0,1,1.0,1.0,1,1
NBA 2K18,1000000.0,250000.0,150000.0,100000.0,600000.0,180,45.0,48.0,36,48,4,1.0,1.0,1,1
NHL '94,3818.56,763.712,256.0,96.2,2691.2,31,6.2,4.0,3,16,8,1.6,2.0,1,2
NHL 12,702.93,351.465,351.465,132.37,570.56,6,3.0,3.0,2,4,2,1.0,1.0,1,1
NHL 13,70000.0,70000.0,70000.0,70000.0,70000.0,1,1.0,1.0,1,1,1,1.0,1.0,1,1
NHL 14,3023.96,1007.9866666666667,723.17,478.39,1822.4,6,2.0,3.0,0,3,3,1.0,1.0,1,1
NHL 15,3157.16,1052.3866666666665,1000.0,391.9,1765.26,3,1.0,0.0,0,3,3,1.0,1.0,1,1
NHL 18,102700.0,25675.0,6350.0,5000.0,85000.0,28,7.0,5.5,1,16,6,1.5,1.5,1,2
NHL 19,22566.67,3761.111666666666,2750.0,366.67,8500.0,13,2.1666666666666665,2.0,1,4,8,1.3333333333333333,1.0,1,2
Naruto Shippuden: Ultimate Ninja Storm 4,4550.0,1137.5,1000.0,850.0,1700.0,8,2.0,1.5,0,5,5,1.25,1.0,1,2
Naruto: Gekitou Ninja Taisen! 4,200.0,200.0,200.0,200.0,200.0,3,3.0,3.0,3,3,1,1.0,1.0,1,1
Need for Speed Carbon,36322.58,12107.526666666667,9322.58,7000.0,20000.0,14,4.666666666666667,3.0,3,8,3,1.0,1.0,1,1
Need for Speed: Most Wanted,35694.54,8923.635,3847.27,0.0,28000.0,20,5.0,4.5,3,8,6,1.5,1.5,1,2
Need for Speed: ProStreet,32208.46,10736.153333333334,7708.46,7000.0,17500.0,14,4.666666666666667,3.0,3,8,3,1.0,1.0,1,1
Need for Speed: Shift,10500.0,10500.0,10500.0,10500.0,10500.0,3,3.0,3.0,3,3,1,1.0,1.0,1,1
Need for Speed: Underground,35000.0,35000.0,35000.0,35000.0,35000.0,3,3.0,3.0,3,3,1,1.0,1.0,1,1
Need for Speed: Underground 2,35629.48,11876.493333333334,629.48,0.0,35000.0,9,3.0,3.0,3,3,3,1.0,1.0,1,1
Nitroplus Blasterz: Heroines Infinite Duel,1994.0,498.5,362.0,150.0,1120.0,12,3.0,3.0,3,3,4,1.0,1.0,1,1
Old School Runescape,422504.2,23472.455555555556,26750.0,1000.0,64000.0,87,4.833333333333333,2.5,1,32,22,1.2222222222222223,1.0,1,4
Overwatch,22999333.28,433949.68452830194,177033.63,760.0,3811048.85,11825,223.11320754716982,207.0,12,602,742,14.0,11.0,1,39
PLAYERUNKNOWN'S BATTLEGROUNDS Mobile,3764853.0700000003,268918.0764285714,157334.53999999998,4000.0,1204250.0,1645,117.5,99.0,12,402,39,2.7857142857142856,3.0,1,8
PLAYERUNKNOWN’S BATTLEGROUNDS,23710378.57,658621.6269444445,488458.0,50000.0,4179324.0,7714,214.27777777777777,227.0,34,462,294,8.166666666666666,7.5,1,17
Painkiller,1015000.0,101500.0,50000.0,10000.0,510000.0,169,16.9,16.0,4,32,13,1.3,1.0,1,3
Paladins,2136366.6,68915.05161290323,17766.42,250.88,300000.0,1514,48.83870967741935,41.0,6,107,67,2.161290322580645,2.0,1,6
Panel Attack,40.0,40.0,40.0,40.0,40.0,3,3.0,3.0,3,3,1,1.0,1.0,1,1
Persona 4 Arena,6336.63,576.0572727272728,181.63,0.0,4000.0,51,4.636363636363637,3.0,1,8,11,1.0,1.0,1,1
Persona 4 Arena Ultimax,18828.16,1107.5388235294117,290.0,0.0,14370.0,82,4.823529411764706,3.0,3,8,19,1.1176470588235294,1.0,1,2
Playchess.com,32866.58,10955.526666666667,8861.35,990.37,23014.86,144,48.0,44.0,33,67,9,3.0,3.0,1,5
Pocket Rumble,60.0,60.0,60.0,60.0,60.0,3,3.0,3.0,3,3,1,1.0,1.0,1,1
Point Blank,699167.75,29131.989583333332,15470.0,2295.0,110000.0,547,22.791666666666668,20.0,0,68,30,1.25,1.0,1,4
Pokkén Tournament,77016.66,5134.444,250.0,50.0,21800.0,98,6.533333333333333,4.0,1,19,25,1.6666666666666667,1.0,1,4
Pokkén Tournament DX,20275.4,1126.4111111111113,505.0,95.0,5340.0,86,4.777777777777778,4.0,2,13,26,1.4444444444444444,1.0,1,3
Pokémon VGC,211500.0,19227.272727272728,13000.0,5000.0,51500.0,230,20.90909090909091,16.0,8,41,24,2.1818181818181817,2.0,1,3
Power Instinct: Matrimelee,50.0,50.0,50.0,50.0,50.0,3,3.0,3.0,3,3,1,1.0,1.0,1,1
Power Rangers: Battle for the Grid,1390.0,347.5,265.0,10.0,850.0,12,3.0,3.0,3,3,4,1.0,1.0,1,1
Power Rangers: Legacy Wars,4178.55,4178.55,4178.55,4178.55,4178.55,2,2.0,2.0,2,2,1,1.0,1.0,1,1
Pro Evolution Soccer 2008,2084.15,2084.15,2084.15,2084.15,2084.15,6,6.0,6.0,6,6,2,2.0,2.0,2,2
Pro Evolution Soccer 2009,1395.9699999999998,697.9849999999999,697.9849999999999,682.91,713.06,6,3.0,3.0,3,3,3,1.5,1.5,1,2
Pro Evolution Soccer 2014,29410.25,29410.25,29410.25,29410.25,29410.25,4,4.0,4.0,4,4,1,1.0,1.0,1,1
Pro Evolution Soccer 2015,26544.76,26544.76,26544.76,26544.76,26544.76,3,3.0,3.0,3,3,1,1.0,1.0,1,1
Pro Evolution Soccer 2016,27243.84,5448.768,253.9,232.2,25995.57,18,3.6,3.0,3,6,6,1.2,1.0,1,2
Pro Evolution Soccer 2017,514697.70999999996,85782.95166666666,20937.65,1024.93,350000.0,53,8.833333333333334,9.0,3,16,16,2.6666666666666665,2.5,1,6
Pro Evolution Soccer 2018,250000.0,125000.0,125000.0,0.0,250000.0,21,10.5,10.5,6,15,3,1.5,1.5,1,2
Pro Evolution Soccer 2019,216000.0,216000.0,216000.0,216000.0,216000.0,25,25.0,25.0,25,25,2,2.0,2.0,2,2
Pro Evolution Soccer 3,25000.0,25000.0,25000.0,25000.0,25000.0,8,8.0,8.0,8,8,1,1.0,1.0,1,1
Pro Evolution Soccer 4,40550.64,20275.32,20275.32,550.64,40000.0,11,5.5,5.5,3,8,2,1.0,1.0,1,1
Pro Evolution Soccer 5,32000.0,32000.0,32000.0,32000.0,32000.0,4,4.0,4.0,4,4,1,1.0,1.0,1,1
Pro Evolution Soccer 6,20216.82,10108.41,10108.41,1216.82,19000.0,6,3.0,3.0,3,3,2,1.0,1.0,1,1
Project Cars,67908.20999999999,3994.600588235294,675.0,168.5,23400.0,105,6.176470588235294,6.0,1,21,113,6.647058823529412,5.0,1,15
Project Cars 2,66150.0,8268.75,2000.0,2000.0,22400.0,66,8.25,8.5,2,16,22,2.75,3.0,1,4
Project Gotham Racing 2,35000.0,17500.0,17500.0,0.0,35000.0,6,3.0,3.0,3,3,2,1.0,1.0,1,1
Project Gotham Racing 3,297286.85,42469.549999999996,20000.0,996.07,196000.0,41,5.857142857142857,3.0,3,22,9,1.2857142857142858,1.0,1,2
Project Gotham Racing 4,25208.46,12604.23,12604.23,7708.46,17500.0,6,3.0,3.0,3,3,2,1.0,1.0,1,1
Project Justice,165.0,165.0,165.0,165.0,165.0,3,3.0,3.0,3,3,1,1.0,1.0,1,1
Project M,205292.09,2891.4378873239434,1940.0,40.0,13711.8,1426,20.08450704225352,16.0,2,79,334,4.704225352112676,4.0,1,16
Project Plus,20.0,20.0,20.0,20.0,20.0,3,3.0,3.0,3,3,1,1.0,1.0,1,1
Prophecy,13000.0,6500.0,6500.0,3000.0,10000.0,32,16.0,16.0,9,23,4,2.0,2.0,1,3
Punch Planet,300.0,300.0,300.0,300.0,300.0,3,3.0,3.0,3,3,1,1.0,1.0,1,1
Puyo Puyo Champions,2482.3,496.46000000000004,175.0,75.0,1786.8,16,3.2,3.0,3,4,5,1.0,1.0,1,1
Puyo Puyo Tetris,3422.84,285.2366666666667,220.0,112.2,621.08,49,4.083333333333333,3.0,2,9,16,1.3333333333333333,1.0,1,2
Quake 4,556678.51,29298.86894736842,18000.0,3200.0,111000.0,241,12.68421052631579,12.0,0,35,51,2.6842105263157894,2.0,1,6
Quake Champions,2409118.25,86039.9375,12549.04,0.0,1010259.18,845,30.178571428571427,23.5,3,82,239,8.535714285714286,4.5,1,26
Quake II,140179.5,15575.5,15000.0,379.5,36600.0,44,4.888888888888889,4.0,1,13,10,1.1111111111111112,1.0,1,2
Quake III Arena,1137832.19,21881.388269230767,9833.05,327.35,125060.21,510,9.807692307692308,7.5,0,75,94,1.8076923076923077,1.0,1,8
Quake Live,682294.04,7416.239565217392,1657.53,43.97,71522.29,828,9.0,8.0,1,29,410,4.456521739130435,5.0,1,12
QuakeWorld,97996.04,7538.156923076923,4168.0,55.09,25000.0,57,4.384615384615385,4.0,0,16,14,1.0769230769230769,1.0,1,2
RaceRoom Racing Experience,102918.7,12864.8375,13775.0,220.0,27768.7,191,23.875,15.0,3,91,18,2.25,2.0,1,5
Radical Heights,120000.0,120000.0,120000.0,120000.0,120000.0,12,12.0,12.0,12,12,2,2.0,2.0,2,2
Rage,5000.0,5000.0,5000.0,5000.0,5000.0,3,3.0,3.0,3,3,1,1.0,1.0,1,1
Rainbow Six Siege,12214525.74,265533.16826086957,133587.81,100.0,3003461.84,4677,101.67391304347827,84.0,5,397,228,4.956521739130435,4.0,1,17
Rainbow Six: Vegas,176400.77,25200.109999999997,16700.0,8900.77,84000.0,222,31.714285714285715,32.0,0,64,7,1.0,1.0,1,1
Rainbow Six: Vegas 2,79000.0,13166.666666666666,7500.0,7500.0,34000.0,0,0.0,0.0,0,0,7,1.1666666666666667,1.0,1,2
Realm Royale,263000.0,131500.0,131500.0,130000.0,133000.0,57,28.5,28.5,26,31,9,4.5,4.5,4,5
Red Stone,58000.0,29000.0,29000.0,23000.0,35000.0,18,9.0,9.0,6,12,2,1.0,1.0,1,1
Reflex,2158.4,359.73333333333335,255.32999999999998,30.0,1035.0,23,3.8333333333333335,3.0,1,9,7,1.1666666666666667,1.0,1,2
Return to Castle Wolfenstein,67424.3,33712.15,33712.15,14424.3,53000.0,30,15.0,15.0,0,30,2,1.0,1.0,1,1
Ring of Elysium,70000.0,17500.0,5000.0,0.0,60000.0,21,5.25,4.5,3,9,4,1.0,1.0,1,1
Rise of Nations: Rise of Legends,69600.0,69600.0,69600.0,69600.0,69600.0,8,8.0,8.0,8,8,1,1.0,1.0,1,1
Rising Thunder,1000.0,1000.0,1000.0,1000.0,1000.0,3,3.0,3.0,3,3,1,1.0,1.0,1,1
Rivals of Aether,37787.0,3435.181818181818,270.0,50.0,19552.0,61,5.545454545454546,4.0,1,17,15,1.3636363636363635,1.0,1,2
Rocket Arena,100000.0,100000.0,100000.0,100000.0,100000.0,24,24.0,24.0,24,24,3,3.0,3.0,3,3
Rocket League,9112693.32,146978.92451612905,71729.98000000001,1296.91,1046224.2,4866,78.48387096774194,77.0,18,179,1084,17.483870967741936,13.0,4,66
Roof Rage,50.0,50.0,50.0,50.0,50.0,3,3.0,3.0,3,3,1,1.0,1.0,1,1
S.K.I.L.L. - Special Force 2,132532.93,9466.637857142856,922.45,270.47,58126.02,196,14.0,10.0,0,46,21,1.5,1.0,1,3
S.T.A.L.K.E.R.: Shadow of Chernobyl,4901.26,4901.26,4901.26,4901.26,4901.26,0,0.0,0.0,0,0,1,1.0,1.0,1,1
SLAYERS FOR HIRE,500.0,500.0,500.0,500.0,500.0,8,8.0,8.0,8,8,1,1.0,1.0,1,1
SMITE,8640112.75,216002.81875,47500.0,134.44,2612259.0,1622,40.55,35.5,0,115,94,2.35,2.0,1,7
SNK Heroines: Tag Team Frenzy,430.0,430.0,430.0,430.0,430.0,3,3.0,3.0,3,3,1,1.0,1.0,1,1
Sailor Moon S,3201.19,320.119,315.0,10.0,763.0,34,3.4,3.0,3,4,11,1.1,1.0,1,2
Samurai Shodown (2019),68009.91,8501.23875,2529.98,599.52,47290.0,74,9.25,8.0,3,17,15,1.875,1.5,1,4
Samurai Shodown III,30.0,30.0,30.0,30.0,30.0,3,3.0,3.0,3,3,1,1.0,1.0,1,1
Samurai Shodown V Special,590.5699999999999,118.11399999999999,108.71,61.4,190.0,16,3.2,3.0,3,4,5,1.0,1.0,1,1
Schwarzerblitz,100.0,100.0,100.0,100.0,100.0,3,3.0,3.0,3,3,1,1.0,1.0,1,1
Sekiro: Shadows Die Twice,19596.0,19596.0,19596.0,19596.0,19596.0,20,20.0,20.0,20,20,1,1.0,1.0,1,1
Shadowrun,24000.0,8000.0,4000.0,4000.0,16000.0,0,0.0,0.0,0,0,3,1.0,1.0,1,1
Shadowverse,3211177.09,188892.77,12000.0,3800.0,1387727.29,384,22.58823529411765,24.0,8,32,42,2.4705882352941178,3.0,1,4
Shards of War,1029.21,1029.21,1029.21,1029.21,1029.21,20,20.0,20.0,20,20,1,1.0,1.0,1,1
ShootMania Storm,261687.03999999998,18691.931428571428,7603.01,131.91,100521.23,131,9.357142857142858,7.5,0,49,39,2.7857142857142856,2.0,1,7
Shovel Knight Showdown,60.0,60.0,60.0,60.0,60.0,3,3.0,3.0,3,3,1,1.0,1.0,1,1
Shrek SuperSlam,50.0,50.0,50.0,50.0,50.0,3,3.0,3.0,3,3,1,1.0,1.0,1,1
Skullgirls,300.0,300.0,300.0,300.0,300.0,3,3.0,3.0,3,3,1,1.0,1.0,1,1
Skullgirls 2nd Encore,18321.0,1526.75,1115.5,450.0,4820.0,71,5.916666666666667,8.0,3,8,12,1.0,1.0,1,1
Skullgirls Encore,9155.4,915.54,181.15,0.0,4530.0,59,5.9,5.0,3,11,13,1.3,1.0,1,2
Slap City,300.0,300.0,300.0,300.0,300.0,3,3.0,3.0,3,3,1,1.0,1.0,1,1
Soul Calibur II,4790.0,798.3333333333334,295.0,0.0,2700.0,17,2.8333333333333335,3.0,2,3,6,1.0,1.0,1,1
Soul Calibur II HD Online,945.41,189.082,85.41,0.0,650.0,31,6.2,8.0,3,8,5,1.0,1.0,1,1
Soul Calibur IV,100260.0,50130.0,50130.0,260.0,100000.0,4,2.0,2.0,1,3,2,1.0,1.0,1,1
Soul Calibur V,60008.54,3000.427,130.0,0.0,20200.9,122,6.1,4.0,2,15,25,1.25,1.0,1,3
Soul Calibur VI,109895.20999999999,5783.958421052631,4006.91,810.0,27085.8,196,10.31578947368421,11.0,3,21,49,2.5789473684210527,3.0,1,6
Special Force,130250.0,43416.666666666664,43250.0,42350.0,44650.0,0,0.0,0.0,0,0,3,1.0,1.0,1,1
Speedrunners,50.0,50.0,50.0,50.0,50.0,3,3.0,3.0,3,3,1,1.0,1.0,1,1
Splatoon,1390.0,463.3333333333333,620.0,50.0,720.0,3,1.0,0.0,0,3,3,1.0,1.0,1,1
Splatoon 2,10055.0,2011.0,2000.0,300.0,3360.0,13,2.6,0.0,0,13,7,1.4,1.0,1,2
Splitgate: Arena Warfare,50000.0,50000.0,50000.0,50000.0,50000.0,64,64.0,64.0,64,64,2,2.0,2.0,2,2
Star Wars Jedi Knight II: Jedi Outcast,7679.25,7679.25,7679.25,7679.25,7679.25,0,0.0,0.0,0,0,1,1.0,1.0,1,1
StarCraft II,33835162.16,264337.204375,222060.58000000002,136.18,979611.52,16273,127.1328125,125.0,1,399,5905,46.1328125,48.0,1,79
StarCraft: Brood War,8206870.54,40033.51482926829,14874.0,70.0,329562.85,3394,16.55609756097561,11.0,1,145,571,2.7853658536585364,2.0,1,14
Stardew Valley,54250.0,27125.0,27125.0,19250.0,35000.0,68,34.0,34.0,28,40,2,1.0,1.0,1,1
Street Fighter Alpha 2,1390.0,198.57142857142858,170.0,0.0,410.0,21,3.0,3.0,3,3,7,1.0,1.0,1,1
Street Fighter Alpha 3,300.0,75.0,0.0,0.0,300.0,17,4.25,3.0,3,8,4,1.0,1.0,1,1
Street Fighter EX2 Plus,350.0,175.0,175.0,160.0,190.0,6,3.0,3.0,3,3,2,1.0,1.0,1,1
Street Fighter III: 3rd Strike,49378.86,1592.8664516129033,279.92,0.0,10250.0,142,4.580645161290323,3.0,0,11,33,1.064516129032258,1.0,1,2
Street Fighter IV,7938.22,1323.0366666666666,846.36,0.0,3805.5,44,7.333333333333333,6.0,2,16,10,1.6666666666666667,1.5,1,3
Street Fighter V,2202726.43,91780.26791666668,53686.965,307.83,413677.5,620,25.833333333333332,25.0,8,55,120,5.0,4.5,1,13
Street Fighter V: Arcade Edition,2017135.95,80685.438,39365.98,249.33,379950.0,618,24.72,22.0,3,59,100,4.0,4.0,1,10
Street Fighter V: Champion Edition,33628.66,16814.33,16814.33,1000.0,32628.66,10,5.0,5.0,4,6,2,1.0,1.0,1,1
Street Fighter X Tekken,84090.64,2712.6012903225806,450.0,0.0,53700.0,277,8.935483870967742,8.0,3,20,93,3.0,2.0,1,11
Super Mario Party,220.0,220.0,220.0,220.0,220.0,4,4.0,4.0,4,4,1,1.0,1.0,1,1
Super Smash Bros.,68082.81,1134.7135,418.115,0.0,8860.68,578,9.633333333333333,7.5,1,44,121,2.0166666666666666,2.0,1,9
Super Smash Bros. Brawl,246715.83000000002,2803.5889772727273,1090.885,28.35,36130.0,1292,14.681818181818182,12.5,2,47,343,3.897727272727273,3.0,1,15
Super Smash Bros. Melee,3204304.19,17414.696684782608,8435.42,0.0,124612.43,8890,48.31521739130435,29.5,1,212,2609,14.179347826086957,6.0,1,81
Super Smash Bros. Ultimate,1307502.6,59431.93636363637,51642.025,5500.0,135928.11,4605,209.3181818181818,215.0,42,460,1190,54.09090909090909,61.0,9,129
Super Smash Bros. for Wii U,1511976.47,28527.8579245283,26490.02,160.0,79258.13,4223,79.67924528301887,82.0,3,147,1022,19.28301886792453,19.0,1,41
Super Street Fighter II Turbo,23678.05,696.4132352941176,280.0,0.0,10250.0,172,5.0588235294117645,3.0,3,15,42,1.2352941176470589,1.0,1,2
Super Street Fighter II Turbo HD Remix,16360.0,2045.0,80.0,0.0,10000.0,38,4.75,4.5,3,8,8,1.0,1.0,1,1
Super Street Fighter IV,20877.3,3479.5499999999997,1445.9,0.0,14000.0,49,8.166666666666666,7.5,3,16,12,2.0,2.0,1,3
Super Street Fighter IV Arcade Edition,343878.08,9825.088,5096.71,0.0,56843.79,545,15.571428571428571,16.0,2,38,202,5.771428571428571,6.0,1,14
Supreme Commander,4901.26,4901.26,4901.26,4901.26,4901.26,0,0.0,0.0,0,0,1,1.0,1.0,1,1
Supreme Commander: Forged Alliance,1290.01,1290.01,1290.01,1290.01,1290.01,0,0.0,0.0,0,0,1,1.0,1.0,1,1
TEPPEN,456721.47,456721.47,456721.47,456721.47,456721.47,12,12.0,12.0,12,12,1,1.0,1.0,1,1
Tatsunoko vs. Capcom: Ultimate All-Stars,1330.81,190.1157142857143,180.0,0.0,300.81,21,3.0,3.0,3,3,8,1.1428571428571428,1.0,1,2
Team Fortress 2,721749.8099999999,7146.0377227722765,4493.29,95.08,28085.54,3381,33.475247524752476,24.0,0,164,197,1.9504950495049505,1.0,1,5
Teamfight Tactics,819313.65,91034.85,125000.0,1039.65,215000.0,201,22.333333333333332,16.0,3,66,15,1.6666666666666667,1.0,1,3
Teenage Mutant Ninja Turtles: Tournament Fighters,820.0,410.0,410.0,320.0,500.0,7,3.5,3.5,3,4,2,1.0,1.0,1,1
Tekken 4,12500.0,4166.666666666667,0.0,0.0,12500.0,6,2.0,3.0,0,3,3,1.0,1.0,1,1
Tekken 5,10250.0,5125.0,5125.0,0.0,10250.0,11,5.5,5.5,3,8,3,1.5,1.5,1,2
Tekken 5: Dark Resurrection,12180.0,3045.0,860.0,210.0,10250.0,18,4.5,3.5,3,8,4,1.0,1.0,1,1
Tekken 6,119874.64,6659.702222222222,4353.6849999999995,0.0,35000.0,104,5.777777777777778,3.0,2,14,28,1.5555555555555556,1.0,1,4
Tekken 7,1687721.25,32456.177884615383,20777.39,320.0,263000.92,1098,21.115384615384617,15.0,3,65,235,4.519230769230769,4.0,1,16
Tekken Tag Tournament,0.0,0.0,0.0,0.0,0.0,9,3.0,3.0,3,3,3,1.0,1.0,1,1
Tekken Tag Tournament 2,125965.7,3229.8897435897434,560.0,0.0,44470.0,371,9.512820512820513,8.0,3,34,138,3.5384615384615383,3.0,1,8
Tetr.io,2514.5,419.0833333333333,310.235,200.0,951.92,23,3.8333333333333335,3.5,3,6,9,1.5,1.0,1,3
Tetris,16026.38,2289.482857142857,1500.0,125.0,10000.0,32,4.571428571428571,2.0,2,16,7,1.0,1.0,1,1
Tetris Ultimate,221.0,221.0,221.0,221.0,221.0,3,3.0,3.0,3,3,1,1.0,1.0,1,1
The Division 2,27250.0,27250.0,27250.0,27250.0,27250.0,40,40.0,40.0,40,40,2,2.0,2.0,2,2
The Elder Scrolls: Legends,5000.0,5000.0,5000.0,5000.0,5000.0,3,3.0,3.0,3,3,1,1.0,1.0,1,1
The Last Blade 2,20.0,20.0,20.0,20.0,20.0,3,3.0,3.0,3,3,1,1.0,1.0,1,1
Them's Fightin' Herds,580.0,193.33333333333334,190.0,50.0,340.0,11,3.6666666666666665,3.0,3,5,4,1.3333333333333333,1.0,1,2
Touhou Hisoutensoku ~ Choudokyuu Ginyoru no Nazo o Oe,1555.01,518.3366666666667,220.0,45.0,1290.01,14,4.666666666666667,3.0,3,8,3,1.0,1.0,1,1
TrackMania 2: Canyon,22098.74,1227.707777777778,528.6400000000001,0.0,10000.0,45,2.5,3.0,1,3,36,2.0,1.0,1,5
TrackMania 2: Stadium,197548.08000000002,2863.015652173913,1603.0,24.63,15000.0,978,14.173913043478262,9.0,1,92,280,4.057971014492754,3.0,1,21
TrackMania Nations,93381.66,15563.61,10150.75,274.0,40000.0,27,4.5,3.5,2,10,7,1.1666666666666667,1.0,1,2
TrackMania Nations Forever,167386.65,3416.054081632653,2176.89,56.3,23000.0,254,5.183673469387755,4.0,1,23,73,1.489795918367347,1.0,1,3
Trackmania (2020),10036.6,3345.5333333333333,3313.35,1219.41,5503.84,70,23.333333333333332,22.0,14,34,26,8.666666666666666,8.0,7,11
Trackmania 2: Valley,779.3399999999999,389.66999999999996,389.66999999999996,238.68,540.66,6,3.0,3.0,3,3,2,1.0,1.0,1,1
Trackmania Turbo,679.41,339.705,339.705,112.5,566.91,6,3.0,3.0,3,3,2,1.0,1.0,1,1
Trackmania United,1027.5,1027.5,1027.5,1027.5,1027.5,3,3.0,3.0,3,3,1,1.0,1.0,1,1
Turbo Racing League,1000000.0,333333.3333333333,312500.0,125000.0,562500.0,22,7.333333333333333,6.0,6,10,9,3.0,2.0,2,5
Twinkle Star Sprites,100.0,100.0,100.0,100.0,100.0,3,3.0,3.0,3,3,1,1.0,1.0,1,1
UNO,20000.0,20000.0,20000.0,20000.0,20000.0,16,16.0,16.0,16,16,2,2.0,2.0,2,2
Ultimate Marvel vs. Capcom 3,116733.16,1823.955625,950.0,0.0,14345.0,585,9.140625,8.0,2,36,169,2.640625,2.0,1,10
Ultimate Mortal Kombat 3,150.0,75.0,75.0,0.0,150.0,6,3.0,3.0,3,3,2,1.0,1.0,1,1
Ultra Fight Da! Kyanta 2,320.0,320.0,320.0,320.0,320.0,3,3.0,3.0,3,3,1,1.0,1.0,1,1
Ultra Street Fighter IV,816713.46,22686.485,3710.0,0.0,255551.5,624,17.333333333333332,16.5,3,46,229,6.361111111111111,5.5,1,15
Umineko: Golden Fantasia,140.0,70.0,70.0,50.0,90.0,6,3.0,3.0,3,3,2,1.0,1.0,1,1
Uncharted 4: A Thief's End,46235.07,46235.07,46235.07,46235.07,46235.07,5,5.0,5.0,5,5,1,1.0,1.0,1,1
Under Night In-Birth EXE: Late,6025.76,354.45647058823533,280.0,0.0,1270.0,94,5.529411764705882,4.0,3,12,23,1.3529411764705883,1.0,1,2
Under Night In-Birth EXE: Late[st],46553.33,2327.6665000000003,1866.47,110.58,12132.59,178,8.9,8.0,3,17,34,1.7,2.0,1,3
Under Night In-Birth Exe:Late[cl-r],1050.0,525.0,525.0,50.0,1000.0,7,3.5,3.5,3,4,2,1.0,1.0,1,1
Unreal Tournament,89000.0,44500.0,44500.0,43000.0,46000.0,17,8.5,8.5,8,9,3,1.5,1.5,1,2
Unreal Tournament (2016),5084.97,726.4242857142857,314.63,146.42,1871.41,108,15.428571428571429,9.0,3,53,8,1.1428571428571428,1.0,1,2
Unreal Tournament 2003,147473.91,18434.23875,13849.525,1700.0,49000.0,45,5.625,5.5,0,16,14,1.75,1.0,1,4
Unreal Tournament 2004,133969.33000000002,16746.166250000002,11000.0,944.65,50000.0,57,7.125,4.0,3,25,10,1.25,1.0,1,3
Unreal Tournament 3,104977.82,52488.91,52488.91,165.0,104812.82,7,3.5,3.5,3,4,4,2.0,2.0,1,3
VALORANT,1237525.03,206254.17166666666,194952.645,60580.8,358980.03,2438,406.3333333333333,301.5,227,706,243,40.5,41.5,20,56
Vainglory,797421.19,53161.41266666666,60000.0,327.36,131040.0,514,34.266666666666666,24.0,6,90,35,2.3333333333333335,1.0,1,6
Vampire Savior,9185.95,574.121875,490.0,30.0,1370.0,69,4.3125,3.0,3,8,18,1.125,1.0,1,2
Virtua Fighter 4: Evolution,0.0,0.0,0.0,0.0,0.0,6,3.0,3.0,3,3,2,1.0,1.0,1,1
Virtua Fighter 5,39830.0,9957.5,11125.0,80.0,17500.0,15,3.75,3.0,1,8,4,1.0,1.0,1,1
Virtua Fighter 5 Final Showdown,573.77,143.4425,152.615,0.0,268.54,30,7.5,5.5,3,16,6,1.5,1.5,1,2
WWE 2K20,50000.0,50000.0,50000.0,50000.0,50000.0,20,20.0,20.0,20,20,2,2.0,2.0,2,2
WarCraft III,5811479.73,29350.90772727273,18841.375,106.0,121907.97,3171,16.015151515151516,15.0,1,51,1335,6.742424242424242,6.0,1,27
WarCraft III: Reforged,314925.29,39365.66125,25829.510000000002,1250.0,122888.84,197,24.625,27.5,6,40,61,7.625,6.5,1,18
Warface,109555.0,54777.5,54777.5,46060.0,63495.0,35,17.5,17.5,15,20,2,1.0,1.0,1,1
"Warhammer 40,000: Dawn of War",79816.5,26605.5,35000.0,1816.5,43000.0,8,2.6666666666666665,3.0,2,3,3,1.0,1.0,1,1
Warparty,1000.0,1000.0,1000.0,1000.0,1000.0,4,4.0,4.0,4,4,1,1.0,1.0,1,1
Warsow,183.0,183.0,183.0,183.0,183.0,2,2.0,2.0,2,2,1,1.0,1.0,1,1
Windjammers,4172.16,417.216,205.0,40.0,1116.75,44,4.4,3.0,3,10,11,1.1,1.0,1,2
Wise Star 2,12000.0,12000.0,12000.0,12000.0,12000.0,3,3.0,3.0,3,3,1,1.0,1.0,1,1
Wolfenstein: Enemy Territory,140963.24,8810.2025,4571.71,86.37,50000.0,305,19.0625,18.0,6,30,18,1.125,1.0,1,2
World in Conflict,293338.23,36667.27875,20000.0,595.38,200000.0,48,6.0,0.0,0,25,9,1.125,1.0,1,2
World of Tanks,3656496.59,121883.21966666666,96744.82,745.55,352537.35,833,27.766666666666666,26.0,0,156,46,1.5333333333333334,1.0,1,7
World of Tanks Blitz,63330.0,10555.0,6665.0,0.0,30000.0,14,2.3333333333333335,0.0,0,14,6,1.0,1.0,1,1
World of WarCraft,4957837.61,86979.60719298247,60000.0,442.96,330000.0,1375,24.12280701754386,22.0,3,77,118,2.0701754385964914,2.0,1,6
Xonotic,5463.58,321.3870588235294,130.48,11.36,2720.37,337,19.823529411764707,20.0,8,34,24,1.411764705882353,1.0,1,4
Yu-Gi-Oh! Duel Links,48746.72,2565.616842105263,1769.56,12.97,7899.1,553,29.105263157894736,25.0,1,78,219,11.526315789473685,11.0,1,34
Zula,100000.0,100000.0,100000.0,100000.0,100000.0,20,20.0,20.0,20,20,1,1.0,1.0,1,1
chess24,1084696.09,216939.21800000002,156819.88,45400.0,450000.0,87,17.4,16.0,12,27,9,1.8,2.0,1,3
iRacing.com,971456.13,21587.914,15500.0,111.0,112000.0,1262,28.044444444444444,12.0,1,126,92,2.0444444444444443,2.0,1,5
osu!,23100.0,3300.0,4320.0,1620.0,5000.0,1430,204.28571428571428,239.0,86,255,7,1.0,1.0,1,1
rFactor,15083.56,3770.89,4620.86,1117.35,4724.49,99,24.75,29.5,10,30,4,1.0,1.0,1,1
rFactor 2,1222855.26,50952.3025,4738.085,100.0,1000000.0,386,16.083333333333332,8.0,1,72,42,1.75,1.0,1,7
